City_ID,City,Country,Date,Lat,Lng,Max Temp,Humidity,Cloudiness,Wind Speed
0,Kaitangata,NZ,2021-10-20 19:42:00,-46.2817,169.8464,280.76,71,100,1.94
1,Bredasdorp,ZA,2021-10-20 19:42:00,-34.5322,20.0403,289.97,96,67,3.99
2,Oda,JP,2021-10-20 19:42:01,35.1833,132.5,285.77,66,100,3.99
3,Rikitea,PF,2021-10-20 19:42:02,-23.1203,-134.9692,296.62,75,6,8.75
4,Colmar,FR,2021-10-20 19:42:03,48.0833,7.3667,295.39,59,100,7.72
5,Butembo,CD,2021-10-20 19:42:03,0.15,29.2833,287.97,98,100,1.04
6,Cascais,PT,2021-10-20 19:42:04,38.6979,-9.4215,293.41,76,20,2.24
7,Cidreira,BR,2021-10-20 19:42:04,-30.1811,-50.2056,291.04,64,92,6.38
8,Ushuaia,AR,2021-10-20 19:38:17,-54.8,-68.3,283.94,43,75,7.72
9,Puerto Ayora,EC,2021-10-20 19:40:21,-0.7393,-90.3518,299.13,81,100,4.88
10,Jamestown,US,2021-10-20 19:38:07,42.097,-79.2353,294.31,50,1,4.47
11,Hermanus,ZA,2021-10-20 19:38:17,-34.4187,19.2345,293.65,87,65,5.09
12,Victoria,HK,2021-10-20 19:38:22,22.2855,114.1577,300.0,86,88,1.34
13,Ancud,CL,2021-10-20 19:41:07,-41.8697,-73.8203,289.5,86,100,4.49
14,Bengkulu,ID,2021-10-20 19:42:05,-3.8004,102.2655,296.89,90,100,2.38
15,Moranbah,AU,2021-10-20 19:42:06,-22.0016,148.0466,293.73,83,86,3.16
16,Atuona,PF,2021-10-20 19:38:09,-9.8,-139.0333,298.12,81,26,5.59
17,Trairi,BR,2021-10-20 19:38:55,-3.2778,-39.2689,301.24,69,89,4.19
18,Vaini,TO,2021-10-20 19:39:56,-21.2,-175.2,297.24,83,20,2.57
19,Busselton,AU,2021-10-20 19:40:15,-33.65,115.3333,285.42,80,98,6.37
20,Saldanha,ZA,2021-10-20 19:42:07,-33.0117,17.9442,289.18,84,77,8.32
21,Pangnirtung,CA,2021-10-20 19:42:07,66.1451,-65.7125,273.15,93,75,0.0
22,Sinnamary,GF,2021-10-20 19:40:39,5.3833,-52.95,301.07,75,37,4.33
23,Ayan,RU,2021-10-20 19:42:08,56.45,138.1667,274.99,59,98,3.38
24,Port Alfred,ZA,2021-10-20 19:42:08,-33.5906,26.891,290.86,86,7,7.82
25,Klyuchevsk,RU,2021-10-20 19:42:09,57.1216,60.9414,274.11,74,100,3.99
26,Palana,RU,2021-10-20 19:42:09,59.1167,159.9667,266.86,70,100,5.88
27,Fallon,US,2021-10-20 19:42:09,39.4735,-118.7774,293.94,22,75,6.69
28,Avarua,CK,2021-10-20 19:42:10,-21.2078,-159.775,298.18,65,40,2.57
29,Bluff,NZ,2021-10-20 19:38:23,-46.6,168.3333,281.81,58,100,1.41
30,Nome,US,2021-10-20 19:42:11,64.5011,-165.4064,274.19,86,90,5.14
31,Schmalkalden,DE,2021-10-20 19:42:11,50.7167,10.45,290.1,90,100,6.34
32,Dingle,PH,2021-10-20 19:40:20,10.9995,122.6711,297.52,93,56,2.09
33,Butaritari,KI,2021-10-20 19:38:25,3.0707,172.7902,300.57,74,44,4.17
34,Quchan,IR,2021-10-20 19:42:12,37.106,58.5095,282.93,67,72,2.14
35,Saint George,US,2021-10-20 19:37:38,37.1041,-113.5841,297.41,32,84,0.89
36,Waingapu,ID,2021-10-20 19:42:12,-9.6567,120.2641,299.31,78,67,1.72
37,Da Nang,VN,2021-10-20 19:42:13,16.0678,108.2208,299.14,89,40,0.51
38,Dalby,AU,2021-10-20 19:42:13,-27.1833,151.2667,289.54,78,52,4.23
39,Tiksi,RU,2021-10-20 19:42:13,71.6872,128.8694,261.91,93,100,2.66
40,Port Hardy,CA,2021-10-20 19:42:14,50.6996,-127.4199,283.25,93,90,2.06
41,Itarema,BR,2021-10-20 19:42:14,-2.9248,-39.9167,301.25,70,100,5.65
42,Thompson,CA,2021-10-20 19:39:35,55.7435,-97.8558,278.24,42,20,5.66
43,New Norfolk,AU,2021-10-20 19:41:02,-42.7826,147.0587,282.87,76,78,1.36
44,Vila Franca Do Campo,PT,2021-10-20 19:42:15,37.7167,-25.4333,293.38,72,79,1.29
45,Cape Town,ZA,2021-10-20 19:41:51,-33.9258,18.4232,292.53,70,0,0.89
46,Bubaque,GW,2021-10-20 19:42:16,11.2833,-15.8333,301.37,77,100,5.63
47,The Valley,AI,2021-10-20 19:41:04,18.217,-63.0578,304.07,89,75,4.12
48,Mataura,NZ,2021-10-20 19:39:52,-46.1927,168.8643,279.99,73,100,0.6
49,Hamilton,US,2021-10-20 19:31:48,39.1834,-84.5333,296.68,54,1,0.89
50,Severo-Kurilsk,RU,2021-10-20 19:42:17,50.6789,156.125,274.8,67,90,11.35
51,Aswan,EG,2021-10-20 19:39:01,24.0934,32.907,301.76,24,0,8.75
52,Ternate,ID,2021-10-20 19:42:17,0.8,127.4,299.78,82,37,1.6
53,Guerrero Negro,MX,2021-10-20 19:39:42,27.9769,-114.0611,294.89,58,79,5.05
54,Coahuayana,MX,2021-10-20 19:42:18,18.7333,-103.6833,304.65,66,44,2.81
55,Pochutla,MX,2021-10-20 19:42:18,15.7432,-96.4661,303.05,72,86,2.76
56,Kannangad,IN,2021-10-20 19:42:19,12.3081,75.1063,298.21,91,99,2.54
57,Den Helder,NL,2021-10-20 19:42:19,52.9599,4.7593,289.14,84,40,7.15
58,Punta Arenas,CL,2021-10-20 19:42:20,-53.15,-70.9167,285.21,35,20,14.4
59,Leh,IN,2021-10-20 19:42:20,34.1667,77.5833,279.23,37,0,2.09
60,Upernavik,GL,2021-10-20 19:42:20,72.7868,-56.1549,273.78,99,100,5.59
61,Puerto Suarez,BO,2021-10-20 19:42:21,-18.95,-57.8,309.35,44,75,3.09
62,Olafsvik,IS,2021-10-20 19:42:21,64.8945,-23.7142,279.03,69,100,9.28
63,Mar Del Plata,AR,2021-10-20 19:41:08,-38.0023,-57.5575,291.16,1,20,6.26
64,Caravelas,BR,2021-10-20 19:42:22,-17.7125,-39.2481,295.43,93,100,5.96
65,Bogorodskoye,RU,2021-10-20 19:42:22,56.55,37.8833,274.81,92,100,8.66
66,Hobart,AU,2021-10-20 19:42:22,-42.8794,147.3294,283.07,85,75,2.24
67,Clyde River,CA,2021-10-20 19:38:50,70.4692,-68.5914,273.28,86,75,4.12
68,Puerto Del Rosario,ES,2021-10-20 19:42:23,28.5004,-13.8627,296.01,83,20,5.14
69,Barrow,US,2021-10-20 19:42:23,71.2906,-156.7887,271.16,86,90,11.83
70,Faanui,PF,2021-10-20 19:42:24,-16.4833,-151.75,299.27,79,18,4.21
71,Tyrma,RU,2021-10-20 19:42:24,50.0833,132.1667,264.49,98,66,0.36
72,Kapaa,US,2021-10-20 19:38:20,22.0752,-159.319,300.14,76,20,0.45
73,Yellowknife,CA,2021-10-20 19:39:55,62.456,-114.3525,279.49,75,75,7.2
74,Castro,BR,2021-10-20 19:42:25,-24.7911,-50.0119,288.53,76,96,3.38
75,Sitka,US,2021-10-20 19:42:25,57.0531,-135.33,281.09,89,100,3.59
76,Saskylakh,RU,2021-10-20 19:38:32,71.9167,114.0833,257.34,100,98,2.35
77,Nurota,UZ,2021-10-20 19:42:25,40.5614,65.6886,284.2,65,53,1.32
78,Ushibuka,JP,2021-10-20 19:42:26,32.1906,130.0228,290.47,61,100,2.36
79,Lompoc,US,2021-10-20 19:40:43,34.6391,-120.4579,298.03,47,1,2.06
80,Nangomba,TZ,2021-10-20 19:42:26,-10.9,38.5,298.48,62,80,3.21
81,Namatanai,PG,2021-10-20 19:42:27,-3.6667,152.4333,299.72,81,99,1.56
82,Takoradi,GH,2021-10-20 19:42:27,4.8845,-1.7554,298.6,88,96,3.49
83,Tari,NG,2021-10-20 19:42:27,12.4086,4.4914,302.51,56,100,3.83
84,Eureka,US,2021-10-20 19:42:28,40.8021,-124.1637,290.51,66,100,2.68
85,Muzhi,RU,2021-10-20 19:42:28,65.3667,64.6667,271.88,85,28,2.36
86,Hedaru,TZ,2021-10-20 19:42:29,-4.5,37.9,294.43,80,92,2.21
87,Mweka,CD,2021-10-20 19:42:29,-4.85,21.5667,294.22,88,81,0.98
88,Langsa,ID,2021-10-20 19:42:29,4.4683,97.9683,296.12,98,100,1.39
89,Carnarvon,AU,2021-10-20 19:42:25,-24.8667,113.6333,292.19,68,90,5.14
90,Bethel,US,2021-10-20 19:42:30,41.3712,-73.414,298.05,52,1,0.45
91,Rocha,UY,2021-10-20 19:41:09,-34.4833,-54.3333,290.49,68,87,5.21
92,Mount Isa,AU,2021-10-20 19:39:31,-20.7333,139.5,297.02,43,75,1.54
93,Khatanga,RU,2021-10-20 19:39:46,71.9667,102.5,267.8,97,100,1.91
94,Atar,MR,2021-10-20 19:42:31,20.5169,-13.0499,303.77,13,2,4.5
95,Zhanakorgan,KZ,2021-10-20 19:42:31,43.9098,67.2495,285.03,36,21,4.24
96,Comodoro Rivadavia,AR,2021-10-20 19:38:32,-45.8667,-67.5,302.07,21,40,8.75
97,Sorong,ID,2021-10-20 19:42:32,-0.8833,131.25,299.76,83,100,3.29
98,Qaanaaq,GL,2021-10-20 19:38:50,77.484,-69.3632,263.18,87,56,2.43
99,Vardo,NO,2021-10-20 19:42:32,70.3705,31.1107,273.14,74,75,8.75
100,Kruisfontein,ZA,2021-10-20 19:39:11,-34.0033,24.7314,289.2,88,13,2.29
101,Katobu,ID,2021-10-20 19:42:33,-4.9408,122.5276,297.1,91,97,0.69
102,Saint-Augustin,CA,2021-10-20 19:42:33,51.226,-58.6502,280.42,88,100,6.29
103,Pisco,PE,2021-10-20 19:42:34,-13.7,-76.2167,294.18,64,0,5.66
104,Ketchikan,US,2021-10-20 19:39:30,55.3422,-131.6461,282.41,87,90,3.09
105,Baykit,RU,2021-10-20 19:42:34,61.67,96.37,275.14,94,100,1.62
106,Sergeyevka,KZ,2021-10-20 19:42:35,53.88,67.4158,282.3,79,100,6.94
107,Chuy,UY,2021-10-20 19:42:35,-33.6971,-53.4616,290.18,63,81,4.86
108,Garmsar,IR,2021-10-20 19:42:36,35.2182,52.3409,290.5,47,5,3.44
109,Timra,SE,2021-10-20 19:42:36,62.487,17.3257,280.19,96,12,2.06
110,Suditi,RO,2021-10-20 19:42:37,44.5833,27.6,285.96,68,1,4.6
111,Albany,US,2021-10-20 19:42:37,42.6001,-73.9662,296.01,47,50,0.45
112,Zyryanka,RU,2021-10-20 19:42:38,65.75,150.85,252.61,92,45,2.18
113,Haines Junction,CA,2021-10-20 19:42:38,60.7522,-137.5108,271.12,93,63,0.0
114,Miranda,CO,2021-10-20 19:42:39,3.2499,-76.2281,300.18,68,84,0.73
115,Saint-Philippe,RE,2021-10-20 19:42:39,-21.3585,55.7679,295.9,78,40,4.96
116,East London,ZA,2021-10-20 19:42:39,-33.0153,27.9116,291.31,83,10,7.24
117,Ahipara,NZ,2021-10-20 19:42:30,-35.1667,173.1667,288.79,92,100,5.36
118,Sooke,CA,2021-10-20 19:38:37,48.3746,-123.7276,287.35,89,100,3.09
119,Manali,IN,2021-10-20 19:42:40,13.1667,80.2667,300.2,77,20,1.27
120,Encruzilhada Do Sul,BR,2021-10-20 19:42:41,-30.5439,-52.5219,289.17,70,86,5.08
121,Jumla,NP,2021-10-20 19:42:41,29.2747,82.1838,285.56,87,62,0.69
122,Bayan,CN,2021-10-20 19:42:42,46.0833,127.4,272.25,67,5,1.33
123,Singkang,MY,2021-10-20 19:42:42,2.1006,102.7994,297.09,97,100,0.91
124,Aksu,CN,2021-10-20 19:42:43,41.1231,80.2644,284.59,27,34,0.74
125,Indramayu,ID,2021-10-20 19:42:43,-6.3264,108.32,300.9,72,100,1.19
126,Saint-Joseph,RE,2021-10-20 19:42:43,-21.3667,55.6167,295.35,77,32,3.72
127,Tulun,RU,2021-10-20 19:42:44,54.5611,100.5792,272.59,86,7,2.32
128,Port Hueneme,US,2021-10-20 19:42:44,34.1478,-119.1951,300.3,59,1,3.09
129,Sept-Iles,CA,2021-10-20 19:39:00,50.2001,-66.3821,283.74,76,75,1.79
130,Tessalit,ML,2021-10-20 19:42:45,20.1986,1.0114,299.7,18,0,4.29
131,Yanam,IN,2021-10-20 19:42:45,16.7333,82.2167,298.29,94,60,1.07
132,Vanavara,RU,2021-10-20 19:42:46,60.34,102.2797,274.07,92,100,2.7
133,Margate,GB,2021-10-20 19:42:46,51.3813,1.3862,287.21,82,100,2.84
134,Paramonga,PE,2021-10-20 19:42:47,-10.6667,-77.8333,293.29,76,68,4.77
135,Warmbad,NA,2021-10-20 19:42:47,-28.45,18.7333,296.69,53,100,6.88
136,Pevek,RU,2021-10-20 19:42:48,69.7008,170.3133,265.57,93,100,6.28
137,Tasiilaq,GL,2021-10-20 19:42:48,65.6145,-37.6368,273.24,56,85,4.69
138,Matara,LK,2021-10-20 19:42:48,5.9485,80.5353,298.19,88,89,2.01
139,Bereda,ES,2021-10-20 19:42:49,43.2686,-7.5406,289.49,99,100,3.18
140,San Patricio,US,2021-10-20 19:38:39,28.017,-97.5169,305.38,50,32,2.57
141,Sao Filipe,CV,2021-10-20 19:42:50,14.8961,-24.4956,301.04,62,0,3.6
142,Ust-Omchug,RU,2021-10-20 19:42:50,61.15,149.6333,244.53,96,19,0.44
143,Kamaishi,JP,2021-10-20 19:42:50,39.2667,141.8833,282.79,78,6,4.33
144,Torbay,CA,2021-10-20 19:42:51,47.6666,-52.7314,283.01,95,90,5.14
145,Buraydah,SA,2021-10-20 19:42:51,26.326,43.975,300.4,26,0,4.64
146,Esperance,AU,2021-10-20 19:39:25,-33.8667,121.9,287.06,87,19,6.84
147,Arraial Do Cabo,BR,2021-10-20 19:38:30,-22.9661,-42.0278,291.13,94,90,2.57
148,Hilo,US,2021-10-20 19:42:52,19.7297,-155.09,301.64,73,40,3.09
149,Kloulklubed,PW,2021-10-20 19:42:52,7.0419,134.2556,298.43,79,100,4.45
150,Mozhga,RU,2021-10-20 19:42:53,56.4447,52.2276,271.35,95,50,2.34
151,Anadyr,RU,2021-10-20 19:42:11,64.75,177.4833,267.43,93,90,6.0
152,Chokurdakh,RU,2021-10-20 19:42:53,70.6333,147.9167,246.67,95,97,1.27
153,Port Hawkesbury,CA,2021-10-20 19:42:54,45.6169,-61.3485,286.92,84,75,4.47
154,Kumluca,TR,2021-10-20 19:42:54,36.3703,30.2869,293.91,53,0,3.28
155,Cabo San Lucas,MX,2021-10-20 19:38:20,22.8909,-109.9124,305.71,58,20,1.54
156,Adrar,MR,2021-10-20 19:40:10,20.5022,-10.0711,300.44,16,2,5.08
157,Tommot,RU,2021-10-20 19:42:55,58.9564,126.2925,272.53,90,100,4.58
158,Codrington,AU,2021-10-20 19:42:55,-38.2667,141.9667,290.94,41,100,6.14
159,Provideniya,RU,2021-10-20 19:42:56,64.3833,-173.3,269.21,80,0,0.0
160,Cherskiy,RU,2021-10-20 19:42:56,68.75,161.3,251.79,100,100,2.39
161,Fortuna,US,2021-10-20 19:42:56,40.5982,-124.1573,290.36,69,75,2.68
162,Padang,ID,2021-10-20 19:42:57,-0.9492,100.3543,297.18,91,100,2.19
163,Iskateley,RU,2021-10-20 19:42:57,67.6803,53.1512,271.75,78,32,5.51
164,Mollendo,PE,2021-10-20 19:42:58,-17.0231,-72.0147,291.66,75,95,4.04
165,Dharchula,IN,2021-10-20 19:42:58,29.85,80.5333,289.49,79,4,2.47
166,Taoudenni,ML,2021-10-20 19:41:54,22.6783,-3.9836,299.43,21,1,4.74
167,Glenwood Springs,US,2021-10-20 19:42:59,39.5505,-107.3248,287.49,59,1,5.14
168,Malakal,SS,2021-10-20 19:42:59,9.5334,31.6605,296.92,80,76,1.45
169,Iqaluit,CA,2021-10-20 19:38:27,63.7506,-68.5145,274.0,80,75,0.0
170,Carutapera,BR,2021-10-20 19:42:59,-1.195,-46.02,301.44,67,19,3.6
171,Mahebourg,MU,2021-10-20 19:40:38,-20.4081,57.7,297.31,73,75,3.09
172,Jalu,LY,2021-10-20 19:39:00,29.0331,21.5482,296.37,41,14,3.74
173,Kodiak,US,2021-10-20 19:43:00,57.79,-152.4072,278.88,81,90,4.63
174,Cayenne,GF,2021-10-20 19:43:01,4.9333,-52.3333,304.17,77,0,1.34
175,Boden,SE,2021-10-20 19:43:01,65.8252,21.6886,273.15,98,100,4.48
176,Zhicheng,CN,2021-10-20 19:43:02,30.2956,111.5047,283.54,90,100,0.75
177,Vostok,RU,2021-10-20 19:39:51,46.4856,135.8833,263.57,84,6,1.61
178,Longyearbyen,SJ,2021-10-20 19:41:33,78.2186,15.6401,261.06,72,0,5.66
179,Whitehorse,CA,2021-10-20 19:43:03,60.7161,-135.0538,276.58,55,75,5.36
180,At-Bashi,KG,2021-10-20 19:43:04,41.1702,75.8106,280.88,46,100,0.79
181,Ozinki,RU,2021-10-20 19:43:04,51.1786,49.6769,275.25,67,74,4.97
182,Coruripe,BR,2021-10-20 19:43:05,-10.1256,-36.1756,299.39,78,25,6.74
183,Yantzaza,EC,2021-10-20 19:43:05,-3.8278,-78.7594,300.6,56,53,0.98
184,Souillac,MU,2021-10-20 19:43:05,-20.5167,57.5167,297.36,73,75,3.09
185,Gamba,GA,2021-10-20 19:38:29,-2.65,10.0,297.67,84,98,2.56
186,Lasa,IT,2021-10-20 19:43:06,46.6166,10.7002,285.16,95,98,2.37
187,Queimadas,BR,2021-10-20 19:43:07,-10.9783,-39.6264,308.26,28,36,2.02
188,Amahai,ID,2021-10-20 19:43:07,-3.3333,128.9167,298.59,85,93,1.59
189,Frederico Westphalen,BR,2021-10-20 19:43:07,-27.3592,-53.3944,297.94,53,1,1.07
190,Lamar,US,2021-10-20 19:43:08,33.6668,-95.5836,300.73,63,75,4.12
191,Qaqortoq,GL,2021-10-20 19:43:08,60.7167,-46.0333,274.43,42,0,1.48
192,Meulaboh,ID,2021-10-20 19:43:08,4.1363,96.1285,297.25,90,100,2.48
193,Los Llanos De Aridane,ES,2021-10-20 19:43:09,28.6585,-17.9182,295.01,83,44,5.66
194,Shumskiy,RU,2021-10-20 19:43:09,54.8318,99.1328,273.16,85,7,2.08
195,Sri Aman,MY,2021-10-20 19:43:10,1.2376,111.4621,298.2,94,97,0.0
196,Nalut,LY,2021-10-20 19:43:10,30.3333,10.85,294.52,49,100,8.16
197,Deputatskiy,RU,2021-10-20 19:38:26,69.3,139.9,255.47,98,100,0.6
198,Bonfim,BR,2021-10-20 19:43:11,3.0833,-59.95,304.8,56,91,1.93
199,Diego De Almagro,CL,2021-10-20 19:43:11,-26.3667,-70.05,296.92,15,0,5.69
200,Kavieng,PG,2021-10-20 19:43:11,-2.5744,150.7967,300.33,79,89,2.96
201,Macas,EC,2021-10-20 19:43:12,-2.3167,-78.1167,300.01,61,40,5.14
202,Old Town,CZ,2021-10-20 19:43:12,50.087,14.4202,291.66,56,0,2.24
203,Ajdabiya,LY,2021-10-20 19:43:13,30.7554,20.2263,295.49,53,69,5.04
204,Rudbar,AF,2021-10-20 19:43:13,30.15,62.6,297.74,15,0,2.19
205,Gogaran,AM,2021-10-20 19:43:14,40.8926,44.1992,273.06,82,50,1.18
206,Port Blair,IN,2021-10-20 19:43:14,11.6667,92.75,300.01,83,100,2.21
207,Oriental,MX,2021-10-20 19:43:15,19.3667,-97.6167,293.43,51,90,2.53
208,Yulara,AU,2021-10-20 19:43:15,-25.2406,130.9889,289.06,33,0,2.57
209,Matagami,CA,2021-10-20 19:43:15,49.7502,-77.6328,276.21,98,90,6.17
210,Tabou,CI,2021-10-20 19:40:40,4.423,-7.3528,298.53,89,59,3.99
211,Nanortalik,GL,2021-10-20 19:43:16,60.1432,-45.2371,276.17,75,1,0.66
212,Vao,NC,2021-10-20 19:43:16,-22.6667,167.4833,294.26,94,100,4.54
213,Dikson,RU,2021-10-20 19:43:17,73.5069,80.5464,270.48,63,74,3.69
214,Terra Rica,BR,2021-10-20 19:43:17,-22.7094,-52.6169,297.24,54,7,3.09
215,Rincon,US,2021-10-20 19:43:18,32.296,-81.2354,301.96,38,1,1.54
216,Ivdel,RU,2021-10-20 19:43:18,60.6911,60.4206,271.31,86,11,1.66
217,Eyl,SO,2021-10-20 19:43:18,7.9803,49.8164,298.72,83,22,4.52
218,Baculin,PH,2021-10-20 19:43:19,7.4525,126.5842,298.59,82,100,2.18
219,Hithadhoo,MV,2021-10-20 19:38:21,-0.6,73.0833,300.4,77,100,5.09
220,Florenville,BE,2021-10-20 19:43:19,49.6998,5.3074,289.19,94,100,6.87
221,Shiraz,IR,2021-10-20 19:43:20,29.6036,52.5388,292.84,19,0,3.09
222,Turukhansk,RU,2021-10-20 19:43:20,65.8167,87.9833,274.94,98,100,3.6
223,Pala,TD,2021-10-20 19:43:21,9.3642,14.9046,297.68,76,100,2.22
224,Usinsk,RU,2021-10-20 19:43:21,65.9939,57.5281,272.77,91,98,7.14
225,Hasaki,JP,2021-10-20 19:39:03,35.7333,140.8333,283.37,56,100,6.62
226,Kununurra,AU,2021-10-20 19:43:22,-15.7667,128.7333,300.14,74,90,1.03
227,Serebryansk,KZ,2021-10-20 19:43:22,49.6925,83.2892,272.9,40,27,2.32
228,Roald,NO,2021-10-20 19:43:22,62.5833,6.1333,280.88,81,75,5.14
229,Broome,US,2021-10-20 19:43:23,42.2506,-75.833,295.47,52,40,0.89
230,Mehamn,NO,2021-10-20 19:43:23,71.0357,27.8492,272.25,69,0,5.14
231,Port Elizabeth,ZA,2021-10-20 19:39:04,-33.918,25.5701,291.31,88,40,5.66
232,Baiyin,CN,2021-10-20 19:43:24,36.5583,104.2081,275.64,43,8,1.53
233,Sukhodol,RU,2021-10-20 19:43:24,53.9006,51.2117,273.86,85,86,4.26
234,Tuktoyaktuk,CA,2021-10-20 19:43:25,69.4541,-133.0374,268.15,100,75,3.09
235,Manokwari,ID,2021-10-20 19:41:19,-0.8667,134.0833,298.69,82,100,2.36
236,Buchanan,LR,2021-10-20 19:43:25,5.8808,-10.0467,299.13,85,100,3.31
237,Leshukonskoye,RU,2021-10-20 19:43:26,64.8989,45.7622,271.87,78,100,2.89
238,Nikolskoye,RU,2021-10-20 19:39:43,59.7035,30.7861,281.09,94,100,6.54
239,Leningradskiy,RU,2021-10-20 19:43:26,69.3833,178.4167,269.18,96,100,6.7
240,Chumikan,RU,2021-10-20 19:43:27,54.7183,135.315,270.67,80,93,7.83
241,Georgetown,MY,2021-10-20 19:42:08,5.4112,100.3354,298.12,95,40,0.0
242,Airai,TL,2021-10-20 19:43:27,-8.9266,125.4092,289.57,81,100,0.54
243,Navahrudak,BY,2021-10-20 19:43:27,53.6,25.8333,284.88,74,100,7.91
244,Batticaloa,LK,2021-10-20 19:43:28,7.7102,81.6924,300.08,83,100,2.85
245,Togur,RU,2021-10-20 19:43:28,58.3631,82.8265,276.07,87,100,2.73
246,Asau,RO,2021-10-20 19:43:29,46.4333,26.4,281.66,73,15,3.26
247,Buala,SB,2021-10-20 19:43:29,-8.145,159.5921,300.18,80,97,1.53
248,Mount Pleasant,US,2021-10-20 19:40:42,32.7941,-79.8626,300.93,47,1,1.34
249,Gulfport,US,2021-10-20 19:40:28,30.3674,-89.0928,301.18,83,90,7.2
250,Lebu,CL,2021-10-20 19:43:29,-37.6167,-73.65,286.96,78,48,3.94
251,Edeia,BR,2021-10-20 19:43:30,-17.3383,-49.9314,299.84,62,100,2.08
252,Koslan,RU,2021-10-20 19:43:30,63.4564,48.8989,270.81,79,89,1.86
253,Bathsheba,BB,2021-10-20 19:43:31,13.2167,-59.5167,303.49,70,75,7.72
254,Turayf,SA,2021-10-20 19:43:31,31.6725,38.6637,290.29,51,0,3.09
255,Sangar,RU,2021-10-20 19:43:31,63.9242,127.4739,259.52,98,97,1.38
256,Tambacounda,SN,2021-10-20 19:43:32,13.7539,-13.7586,304.18,70,0,2.06
257,Grindavik,IS,2021-10-20 19:43:32,63.8424,-22.4338,275.12,75,0,1.54
258,Bafq,IR,2021-10-20 19:43:33,31.6128,55.4107,293.75,14,58,2.47
259,Dunedin,NZ,2021-10-20 19:43:33,-45.8742,170.5036,284.15,71,56,1.72
260,Upata,VE,2021-10-20 19:43:34,8.0086,-62.3989,304.37,37,12,2.43
261,Narsaq,GL,2021-10-20 19:43:34,60.9167,-46.05,274.27,37,0,1.82
262,Vanimo,PG,2021-10-20 19:43:34,-2.6741,141.3028,297.66,92,100,1.0
263,Norman Wells,CA,2021-10-20 19:43:35,65.282,-126.8329,275.17,60,75,5.14
264,Krasnoselkup,RU,2021-10-20 19:43:35,65.7,82.4667,275.07,64,99,4.77
265,Darnah,LY,2021-10-20 19:43:36,32.767,22.6367,293.37,71,85,4.68
266,Egvekinot,RU,2021-10-20 19:43:36,66.3167,-179.1667,266.71,88,100,3.25
267,Guider,CM,2021-10-20 19:43:37,9.9342,13.9486,297.98,79,100,1.37
268,Barcelos,PT,2021-10-20 19:43:37,41.5388,-8.6151,291.95,93,22,1.55
269,Salalah,OM,2021-10-20 19:43:38,17.0151,54.0924,299.2,78,20,2.57
270,Gornyak,RU,2021-10-20 19:43:38,50.9942,81.4661,282.48,36,84,6.23
271,Ponta Do Sol,PT,2021-10-20 19:43:38,32.6667,-17.1,297.6,79,100,2.8
272,Port Macquarie,AU,2021-10-20 19:43:39,-31.4333,152.9167,285.87,100,92,1.54
273,Robinson,US,2021-10-20 19:43:39,31.4677,-97.1147,302.6,61,90,1.79
274,Monte Alegre,BR,2021-10-20 19:43:39,-2.0078,-54.0692,305.53,49,46,1.99
275,Akureyri,IS,2021-10-20 19:43:40,65.6835,-18.0878,268.11,80,0,2.06
276,Manggar,ID,2021-10-20 19:43:40,-2.8833,108.2667,299.13,82,100,1.49
277,Kastamonu,TR,2021-10-20 19:43:41,41.5,33.6667,277.38,87,0,1.12
278,Abu Samrah,SY,2021-10-20 19:43:41,35.3029,37.1841,291.59,61,0,2.4
279,Omboue,GA,2021-10-20 19:43:41,-1.5746,9.2618,297.89,85,100,2.58
280,Kendal,GB,2021-10-20 19:43:42,54.3268,-2.7476,283.88,89,97,2.75
281,Berdigestyakh,RU,2021-10-20 19:43:42,62.0989,126.6992,272.2,89,97,4.04
282,Camopi,GF,2021-10-20 19:43:42,3.1655,-52.3158,303.85,51,98,2.22
283,Lucapa,AO,2021-10-20 19:43:43,-8.4192,20.7447,292.2,97,74,1.28
284,Honiara,SB,2021-10-20 19:43:43,-9.4333,159.95,299.55,86,64,0.69
285,Lumsden,CA,2021-10-20 19:43:44,50.6501,-104.8678,278.7,36,70,5.15
286,Sawakin,SD,2021-10-20 19:43:44,19.1059,37.3321,300.91,72,15,3.29
287,Acqui Terme,IT,2021-10-20 19:43:44,44.6751,8.4675,292.09,85,100,1.34
288,Ambatondrazaka,MG,2021-10-20 19:43:45,-17.8333,48.4167,288.85,93,5,0.89
289,Vila Velha,BR,2021-10-20 19:43:45,-20.3297,-40.2925,292.12,88,75,6.17
290,Chicama,PE,2021-10-20 19:43:45,-7.8447,-79.1469,289.45,62,61,4.73
291,Paamiut,GL,2021-10-20 19:43:46,61.994,-49.6678,275.55,60,0,3.89
292,Ilulissat,GL,2021-10-20 19:40:16,69.2167,-51.1,274.16,47,75,1.54
293,Qidong,CN,2021-10-20 19:43:47,31.8128,121.6561,285.39,86,100,5.51
294,Mildura,AU,2021-10-20 19:43:47,-34.2,142.15,292.13,52,40,4.12
295,Pangoa,PE,2021-10-20 19:43:47,-12.1167,-73.0,298.49,80,100,0.43
296,Umm Lajj,SA,2021-10-20 19:43:48,25.0213,37.2685,299.77,68,0,6.08
297,Puerto Escondido,MX,2021-10-20 19:43:48,15.85,-97.0667,302.32,73,100,2.65
298,Sao Jose Da Coroa Grande,BR,2021-10-20 19:43:48,-8.8978,-35.1478,299.44,79,6,6.14
299,Port Lincoln,AU,2021-10-20 19:43:49,-34.7333,135.8667,287.68,92,100,4.48
300,Pacific Grove,US,2021-10-20 19:42:14,36.6177,-121.9166,294.6,58,90,1.34
301,Baturaja,ID,2021-10-20 19:43:19,-4.1333,104.1667,295.51,99,100,0.73
302,Gondanglegi,ID,2021-10-20 19:43:49,-7.7479,112.0132,298.23,83,100,4.29
303,Ribeira Grande,PT,2021-10-20 19:43:50,38.5167,-28.7,293.37,73,20,1.54
304,Kozhevnikovo,RU,2021-10-20 19:43:50,56.2589,83.9714,278.67,85,76,2.95
305,Alexandria,EG,2021-10-20 19:37:01,31.2156,29.9553,296.13,56,40,5.14
306,Derzhavinsk,KZ,2021-10-20 19:43:51,51.1,66.3167,278.07,81,53,8.65
307,Saint-Claude,FR,2021-10-20 19:43:51,46.5,5.8333,287.07,71,62,5.01
308,Banda Aceh,ID,2021-10-20 19:43:51,5.5577,95.3222,299.16,77,100,0.86
309,Tuatapere,NZ,2021-10-20 19:43:52,-46.1333,167.6833,281.44,69,98,0.15
310,Bukene,TZ,2021-10-20 19:43:52,-4.2333,32.8833,298.13,44,95,3.18
311,Alice Springs,AU,2021-10-20 19:43:53,-23.7,133.8833,294.9,46,0,2.57
312,Semey,KZ,2021-10-20 19:43:53,50.4111,80.2275,281.8,49,93,4.92
313,Nizhniy Kuranakh,RU,2021-10-20 19:43:53,58.8353,125.4869,271.79,94,100,3.99
314,Sao Joao Da Barra,BR,2021-10-20 19:43:54,-21.6403,-41.0511,291.2,91,100,5.0
315,Guaratinga,BR,2021-10-20 19:43:54,-16.5667,-39.5667,300.52,84,100,2.32
316,Omsukchan,RU,2021-10-20 19:43:54,62.5333,155.8,248.68,97,35,1.95
317,Coquimbo,CL,2021-10-20 19:43:55,-29.9533,-71.3436,290.0,63,40,6.69
318,Fort Morgan,US,2021-10-20 19:43:55,40.2503,-103.8,288.04,38,1,4.12
319,Lavrentiya,RU,2021-10-20 19:43:56,65.5833,-171.0,271.45,95,98,2.78
320,Hay River,CA,2021-10-20 19:40:13,60.8156,-115.7999,280.14,57,40,2.06
321,Pictou,CA,2021-10-20 19:43:56,45.6834,-62.7153,285.84,67,99,7.2
322,Te Anau,NZ,2021-10-20 19:43:57,-45.4167,167.7167,277.38,90,70,0.1
323,Martapura,ID,2021-10-20 19:43:57,-3.4167,114.85,298.2,100,83,1.03
324,Beringovskiy,RU,2021-10-20 19:43:58,63.05,179.3167,264.22,79,35,2.84
325,Amqui,CA,2021-10-20 19:41:19,48.4638,-67.4313,283.03,82,88,3.22
326,Lima,PE,2021-10-20 19:42:39,-12.0432,-77.0282,294.34,72,40,6.69
327,Puerto Carreno,CO,2021-10-20 19:43:58,6.189,-67.4859,305.97,50,100,1.9
328,Yatou,CN,2021-10-20 19:43:59,37.15,122.3833,282.3,67,98,3.04
329,Naze,JP,2021-10-20 19:43:59,28.3667,129.4833,292.26,71,100,3.67
330,Ekibastuz,KZ,2021-10-20 19:43:59,51.6667,75.3667,282.35,46,100,5.03
331,Paka,MY,2021-10-20 19:44:00,4.6374,103.4368,298.33,86,100,2.01
332,Lianran,CN,2021-10-20 19:44:00,24.9227,102.485,283.45,93,100,1.48
333,Beyneu,KZ,2021-10-20 19:44:01,45.3167,55.2,279.77,61,70,6.62
334,Straubing,DE,2021-10-20 19:44:01,48.8833,12.5667,288.87,74,14,2.32
335,Rio Grande,BR,2021-10-20 19:40:27,-32.035,-52.0986,293.21,62,23,5.97
336,Matongo,TZ,2021-10-20 19:44:02,-2.3833,34.0833,296.67,53,100,1.35
337,Acapulco,MX,2021-10-20 19:44:02,16.8634,-99.8901,304.05,70,40,2.57
338,Lesnoy,RU,2021-10-20 19:44:03,57.6198,63.0784,274.14,83,100,4.08
339,Osypenko,UA,2021-10-20 19:39:41,46.9136,36.8253,281.39,65,45,3.93
340,Vidim,RU,2021-10-20 19:44:03,56.4088,103.1106,271.4,95,48,1.67
341,Chifeng,CN,2021-10-20 19:44:04,42.2683,118.9636,276.35,39,57,2.48
342,Goderich,CA,2021-10-20 19:44:04,43.7501,-81.7165,292.54,77,89,3.6
343,Qinhuangdao,CN,2021-10-20 19:40:31,39.9317,119.5883,280.62,55,4,2.13
344,Karacakoy,TR,2021-10-20 19:44:05,41.4029,28.3834,287.97,74,0,2.97
345,Ponta Delgada,PT,2021-10-20 19:44:05,37.7333,-25.6667,293.55,73,20,2.06
346,Cockburn Town,TC,2021-10-20 19:44:05,21.4612,-71.1419,299.13,78,75,2.06
347,Huarmey,PE,2021-10-20 19:44:06,-10.0681,-78.1522,294.3,74,51,5.02
348,Ceyranbatan,AZ,2021-10-20 19:44:06,40.5408,49.6597,284.99,62,100,8.67
349,Siniscola,IT,2021-10-20 19:44:06,40.5719,9.6922,286.9,80,17,2.06
350,Teknaf,BD,2021-10-20 19:41:31,20.8624,92.3058,298.58,92,100,2.98
351,Shakawe,BW,2021-10-20 19:44:07,-18.3667,21.85,298.95,30,81,1.52
352,Manzhouli,CN,2021-10-20 19:44:07,49.6,117.4333,269.63,85,12,2.55
353,Mazara Del Vallo,IT,2021-10-20 19:44:07,37.6641,12.588,293.71,80,0,3.48
354,Izumo,JP,2021-10-20 19:44:08,35.3667,132.7667,282.12,71,100,2.51
355,Waddan,LY,2021-10-20 19:44:08,29.1614,16.139,292.96,54,13,4.05
356,Acajutla,SV,2021-10-20 19:44:09,13.5928,-89.8275,300.92,80,82,3.49
357,Aklavik,CA,2021-10-20 19:44:09,68.2191,-135.0107,268.55,81,100,4.03
358,Senanga,ZM,2021-10-20 19:44:09,-16.1167,23.2667,296.89,53,73,2.37
359,Yabrud,SY,2021-10-20 19:44:10,33.9674,36.6574,281.77,68,5,1.49
360,Fairbanks,US,2021-10-20 19:40:02,64.8378,-147.7164,274.77,76,20,0.0
361,Veraval,IN,2021-10-20 19:44:11,20.9,70.3667,298.87,68,7,3.46
362,Lagoa,PT,2021-10-20 19:44:11,39.05,-27.9833,293.58,60,49,0.72
363,Deloraine,AU,2021-10-20 19:44:12,-41.5333,146.6667,283.35,1,100,0.6
364,Aanekoski,FI,2021-10-20 19:44:12,62.6946,25.818,280.19,99,100,3.36
365,Ribeira Brava,PT,2021-10-20 19:44:12,32.65,-17.0667,297.6,81,100,2.83
366,Jacareacanga,BR,2021-10-20 19:44:13,-6.2222,-57.7528,308.32,41,0,2.57
367,Mecca,SA,2021-10-20 19:44:13,21.4267,39.8261,301.71,52,3,1.43
368,Quang Ngai,VN,2021-10-20 19:44:14,15.1167,108.8,296.9,93,100,1.65
369,Baruun-Urt,MN,2021-10-20 19:44:14,46.6806,113.2792,271.76,71,7,3.12
370,Kenai,US,2021-10-20 19:44:14,60.5544,-151.2583,278.2,96,90,5.14
371,Bilibino,RU,2021-10-20 19:40:31,68.0546,166.4372,255.49,98,100,1.13
372,Namibe,AO,2021-10-20 19:44:15,-15.1961,12.1522,292.94,88,43,1.43
373,Matane,CA,2021-10-20 19:44:15,48.8286,-67.522,283.83,1,93,2.83
374,Vieste,IT,2021-10-20 19:44:16,41.8825,16.175,288.43,75,9,4.6
375,Evensk,RU,2021-10-20 19:44:16,61.95,159.2333,259.47,73,87,4.28
376,Lensk,RU,2021-10-20 19:44:16,60.7253,114.9278,275.12,97,100,4.43
377,Okhotsk,RU,2021-10-20 19:42:12,59.3833,143.3,261.78,70,94,4.01
378,Bambous Virieux,MU,2021-10-20 19:44:17,-20.3428,57.7575,297.29,73,75,3.09
379,Taman,RU,2021-10-20 19:44:17,45.2117,36.7161,276.33,54,40,3.48
380,Castletown,IE,2021-10-20 19:44:17,53.0281,-9.0686,282.42,59,99,6.24
381,Herat,AF,2021-10-20 19:44:18,34.5,62.0,287.17,18,0,4.72
382,Isangel,VU,2021-10-20 19:44:18,-19.55,169.2667,298.21,83,100,3.09
383,Varnavino,RU,2021-10-20 19:44:19,57.4035,45.0916,272.92,80,100,4.0
384,The Pas,CA,2021-10-20 19:44:19,53.8251,-101.2541,278.16,56,1,2.06
385,Ostrovnoy,RU,2021-10-20 19:44:20,68.0531,39.5131,272.64,74,100,6.21
386,Aden,YE,2021-10-20 19:39:22,12.7794,45.0367,302.66,60,57,3.81
387,Cururupu,BR,2021-10-20 19:44:20,-1.8283,-44.8683,301.72,67,11,2.85
388,Gorontalo,ID,2021-10-20 19:44:20,0.5412,123.0595,297.03,94,96,1.73
389,Zavitinsk,RU,2021-10-20 19:44:21,50.1167,129.45,267.75,90,29,1.4
390,Esso,RU,2021-10-20 19:41:07,55.9333,158.7,257.49,97,63,2.96
391,Puqi,CN,2021-10-20 19:44:21,29.7167,113.8833,283.21,95,100,1.84
392,Rock Sound,BS,2021-10-20 19:44:22,24.9,-76.2,300.42,69,41,9.32
393,Teguise,ES,2021-10-20 19:44:22,29.0605,-13.564,294.27,78,20,6.17
394,Kodinsk,RU,2021-10-20 19:44:22,58.6881,99.1844,274.24,91,35,1.91
395,Chirilagua,SV,2021-10-20 19:44:23,13.2203,-88.1386,300.17,83,72,1.72
396,Arica,CL,2021-10-20 19:42:04,-18.475,-70.3042,294.9,67,20,5.66
397,Mountain Home,US,2021-10-20 19:44:23,43.133,-115.6912,289.78,47,40,6.69
398,Rajula,IN,2021-10-20 19:44:24,21.05,71.4333,297.55,70,95,3.24
399,Reconquista,AR,2021-10-20 19:40:13,-29.15,-59.65,301.9,22,1,4.21
400,Fort Nelson,CA,2021-10-20 19:44:24,58.8053,-122.7002,269.92,93,90,1.03
401,Lonar,IN,2021-10-20 19:44:25,19.9833,76.5333,293.17,65,30,2.04
402,Meaux,FR,2021-10-20 19:44:25,48.9167,3.0,290.76,83,100,10.94
403,Bara,NG,2021-10-20 19:44:25,10.3744,10.7288,299.2,73,27,4.56
404,Antofagasta,CL,2021-10-20 19:40:08,-23.65,-70.4,292.71,52,6,3.58
405,Alihe,CN,2021-10-20 19:44:26,50.5667,123.7167,270.39,87,60,1.35
406,Balsas,BR,2021-10-20 19:44:26,-7.5325,-46.0356,304.85,46,98,2.8
407,Terre-De-Bas,GP,2021-10-20 19:44:27,15.8501,-61.6442,305.38,66,1,6.94
408,Berlevag,NO,2021-10-20 19:44:27,70.8578,29.0864,271.15,69,40,3.09
409,Hirado,JP,2021-10-20 19:44:28,33.3597,129.5531,288.35,57,100,4.12
410,Myre,NO,2021-10-20 19:44:28,69.1036,15.9492,273.12,84,100,9.6
411,Furstenwalde,DE,2021-10-20 19:44:29,52.3667,14.0667,291.58,73,100,7.72
412,Flinders,AU,2021-10-20 19:44:29,-34.5833,150.8552,288.36,92,43,0.45
413,Svetlyy,RU,2021-10-20 19:44:29,54.675,20.1347,290.18,62,100,10.39
414,Husavik,IS,2021-10-20 19:44:30,66.0449,-17.3389,268.1,80,63,5.47
415,Xinxiang,CN,2021-10-20 19:44:30,35.3089,113.8672,282.21,89,6,1.1
416,Bonavista,CA,2021-10-20 19:44:30,48.6499,-53.1147,283.77,93,100,6.63
417,Kupang,ID,2021-10-20 19:44:31,-10.1667,123.5833,298.89,83,96,2.01
418,Anito,PH,2021-10-20 19:44:31,12.4497,125.2886,298.84,89,75,1.8
419,Ous,RU,2021-10-20 19:44:31,60.9058,61.5186,271.33,81,44,1.88
420,Dakar,SN,2021-10-20 19:44:32,14.6937,-17.4441,302.22,79,0,4.12
421,Madang,PG,2021-10-20 19:44:32,-5.2246,145.7966,297.16,90,89,1.69
422,Srednekolymsk,RU,2021-10-20 19:44:33,67.45,153.6833,249.59,98,80,1.12
423,Katsuura,JP,2021-10-20 19:40:47,35.1333,140.3,287.7,58,100,4.75
424,Pinega,RU,2021-10-20 19:44:33,64.7001,43.3936,272.53,74,100,4.69
425,Lahij,YE,2021-10-20 19:44:34,13.1667,44.5833,300.33,55,94,2.17
426,Talnakh,RU,2021-10-20 19:44:34,69.4865,88.3972,272.99,92,100,7.58
427,Hambantota,LK,2021-10-20 19:44:34,6.1241,81.1185,299.25,83,99,4.11
428,Inirida,CO,2021-10-20 19:44:35,3.8653,-67.9239,302.77,68,87,0.32
429,Mbanza-Ngungu,CD,2021-10-20 19:44:35,-5.25,14.8667,295.41,84,100,1.07
430,San Ramon,US,2021-10-20 19:44:36,37.7799,-121.978,293.42,60,90,1.34
431,Nelson Bay,AU,2021-10-20 19:41:06,-32.7167,152.15,289.82,96,81,2.08
432,Ciudad Bolivar,VE,2021-10-20 19:44:36,8.1222,-63.5497,307.49,32,83,4.48
433,Haukipudas,FI,2021-10-20 19:44:37,65.1765,25.3523,274.34,96,100,5.98
434,San Benedetto Del Tronto,IT,2021-10-20 19:44:37,42.9456,13.8816,291.28,76,52,2.63
435,Afua,BR,2021-10-20 19:44:37,-0.1567,-50.3867,303.53,59,24,3.87
436,Andenes,NO,2021-10-20 19:44:38,69.3143,16.1194,273.14,69,75,14.92
437,Fare,PF,2021-10-20 19:43:17,-16.7,-151.0167,299.53,77,6,4.71
438,Bulgan,MN,2021-10-20 19:44:38,48.8125,103.5347,272.83,49,0,0.8
439,Kattivakkam,IN,2021-10-20 19:44:39,13.2167,80.3167,300.2,77,20,1.31
440,Coxim,BR,2021-10-20 19:44:39,-18.5067,-54.76,305.44,37,88,1.83
441,Bilma,NE,2021-10-20 19:44:40,18.6853,12.9164,303.64,13,0,4.7
442,Borogontsy,RU,2021-10-20 19:44:40,62.6683,131.1683,261.2,99,97,1.18
443,Teguldet,RU,2021-10-20 19:44:41,57.3064,88.1667,275.59,79,77,2.24
444,Denpasar,ID,2021-10-20 19:43:46,-8.65,115.2167,300.96,88,20,2.06
445,Bandarbeyla,SO,2021-10-20 19:41:37,9.4942,50.8122,298.53,83,27,2.93
446,Ambovombe,MG,2021-10-20 19:44:41,-25.1667,46.0833,293.63,91,99,6.81
447,Dauphin,CA,2021-10-20 19:44:42,51.1494,-100.0502,278.23,60,90,2.57
448,Llangefni,GB,2021-10-20 19:44:42,53.2556,-4.3106,284.67,90,75,1.54
449,Ambilobe,MG,2021-10-20 19:44:42,-13.2,49.05,294.98,79,38,1.6
450,Zuwarah,LY,2021-10-20 19:44:43,32.9312,12.082,296.15,69,0,9.05
451,Venezuela,VE,2021-10-20 19:44:43,8.0,-66.0,304.9,51,100,3.31
452,Emerald,AU,2021-10-20 19:44:43,-23.5333,148.1667,293.14,70,100,2.57
453,Palauig,PH,2021-10-20 19:41:03,15.435,119.9045,299.98,78,56,1.83
454,Touros,BR,2021-10-20 19:44:44,-5.1989,-35.4608,302.65,77,100,5.8
455,Maraa,BR,2021-10-20 19:44:45,-1.8333,-65.3667,304.07,62,97,1.5
456,Guymon,US,2021-10-20 19:44:45,36.6828,-101.4816,293.12,32,1,4.63
457,Taree,AU,2021-10-20 19:44:46,-31.9,152.4667,285.14,100,56,1.03
458,Aksha,RU,2021-10-20 19:44:46,50.2814,113.2867,270.72,87,4,1.49
459,Aktau,KZ,2021-10-20 19:44:47,43.65,51.2,280.47,51,91,8.09
460,Gayny,RU,2021-10-20 19:44:47,60.3071,54.3241,270.7,97,52,1.54
461,Ust-Kulom,RU,2021-10-20 19:44:48,61.6864,53.6902,270.06,92,47,1.67
462,Plettenberg Bay,ZA,2021-10-20 19:44:49,-34.0527,23.3716,291.12,73,44,1.33
463,Porto Novo,BJ,2021-10-20 19:44:49,6.4965,2.6036,301.05,81,100,2.86
464,Ixtapa,MX,2021-10-20 19:44:49,20.7,-105.2,303.83,76,8,2.24
465,Yumen,CN,2021-10-20 19:44:50,40.2833,97.2,277.95,27,77,3.98
466,Faya,SA,2021-10-20 19:44:50,18.3851,42.4509,291.21,28,2,3.4
467,Jeremie,HT,2021-10-20 19:44:50,18.65,-74.1167,301.87,77,90,1.06
468,Pantai Remis,MY,2021-10-20 19:44:51,4.4557,100.6288,297.35,95,100,1.38
469,Kakching,IN,2021-10-20 19:44:51,24.4833,93.9833,292.9,98,93,0.54
470,Kollo,NE,2021-10-20 19:44:52,13.3043,2.339,308.39,35,93,2.64
471,Campo Verde,BR,2021-10-20 19:44:52,-20.4167,-54.0667,303.71,41,48,2.61
472,Lata,PT,2021-10-20 19:40:37,40.1629,-8.3327,291.38,97,8,0.8
473,Beni,CD,2021-10-20 19:44:53,0.5,29.4667,291.02,99,100,0.35
474,Alyangula,AU,2021-10-20 19:44:53,-13.8483,136.4192,300.08,89,61,2.57
475,Tars,TR,2021-10-20 19:42:14,36.9188,34.8784,293.08,39,0,2.25
476,Avera,US,2021-10-20 19:44:53,33.194,-82.5271,300.21,30,61,2.01
477,Surgut,RU,2021-10-20 19:44:54,61.25,73.4167,275.25,93,40,2.0
478,Togitsu,JP,2021-10-20 19:44:54,32.8333,129.85,288.7,63,100,2.19
479,Geraldton,AU,2021-10-20 19:44:55,-28.7667,114.6,290.38,88,75,4.12
480,Udachnyy,RU,2021-10-20 19:44:55,66.4167,112.4,274.26,97,100,6.88
481,Kahului,US,2021-10-20 19:42:04,20.8947,-156.47,300.16,68,20,5.14
482,Prainha,BR,2021-10-20 19:44:56,-1.8,-53.48,305.61,48,66,1.79
483,Raudeberg,NO,2021-10-20 19:44:56,61.9875,5.1352,279.19,97,100,1.34
484,Gold Coast,AU,2021-10-20 19:40:44,-28.0,153.4333,291.48,88,75,1.79
485,Redlands,US,2021-10-20 19:43:18,34.0556,-117.1825,301.22,31,20,1.54
486,Vizinga,RU,2021-10-20 19:44:57,61.0749,50.1031,270.34,86,61,1.97
487,Balykshi,KZ,2021-10-20 19:44:57,47.0667,51.8667,275.15,87,40,5.0
488,San Cristobal,VE,2021-10-20 19:44:58,7.7669,-72.225,299.25,43,11,1.21
489,Phan Thiet,VN,2021-10-20 19:44:58,10.9333,108.1,298.19,90,100,2.14
490,Erice,IT,2021-10-20 19:44:59,38.037,12.5865,288.95,100,0,3.09
491,Jiuquan,CN,2021-10-20 19:44:59,39.7432,98.5174,276.68,32,43,1.75
492,Angoche,MZ,2021-10-20 19:44:59,-16.2325,39.9086,297.51,70,94,5.75
493,Santa Isabel Do Rio Negro,BR,2021-10-20 19:45:00,-0.4139,-65.0192,302.66,70,100,0.44
494,Sao Felix Do Xingu,BR,2021-10-20 19:45:00,-6.6447,-51.995,301.23,67,76,0.64
495,Kungurtug,RU,2021-10-20 19:45:01,50.5994,97.5228,268.79,72,58,1.38
496,Quatre Cocos,MU,2021-10-20 19:40:06,-20.2078,57.7625,297.21,80,36,4.88
497,Tlacote El Bajo,MX,2021-10-20 19:45:02,20.65,-100.5,299.78,38,6,2.63
498,Gumdag,TM,2021-10-20 19:43:50,39.2061,54.5906,289.26,50,94,2.27
499,Sola,VU,2021-10-20 19:45:03,-13.8833,167.55,300.13,80,97,6.32
500,Panacan,PH,2021-10-20 19:45:04,9.2463,118.4082,299.23,80,100,1.66
501,Paraiso,CR,2021-10-20 19:45:05,9.8383,-83.8656,293.94,90,98,1.44
502,Zalesovo,RU,2021-10-20 19:45:05,53.9939,84.7431,277.32,70,68,2.54
503,Mercedes,AR,2021-10-20 19:45:06,-34.6515,-59.4307,301.96,38,91,3.93
504,Dawei,MM,2021-10-20 19:45:07,14.0833,98.2,297.26,91,100,0.92
505,Kaeo,NZ,2021-10-20 19:45:08,-35.1,173.7833,288.89,96,100,5.49
506,Kiunga,PG,2021-10-20 19:45:08,-6.1219,141.2906,295.2,99,89,0.63
507,Kiama,AU,2021-10-20 19:42:33,-34.6833,150.8667,288.47,94,60,0.45
508,Nabire,ID,2021-10-20 19:45:09,-3.3667,135.4833,297.07,91,99,1.5
509,Prenzlau,DE,2021-10-20 19:45:09,53.3167,13.8667,291.54,73,100,8.22
510,Bayji,IQ,2021-10-20 19:45:10,34.9311,43.487,295.54,30,0,3.91
511,Ales,FR,2021-10-20 19:45:10,44.1333,4.0833,292.17,93,100,4.14
512,Dhing,IN,2021-10-20 19:45:11,26.4667,92.4667,296.6,96,100,1.85
513,Puerto Lempira,HN,2021-10-20 19:45:12,15.2667,-83.7667,304.23,70,75,0.0
514,Calatayud,ES,2021-10-20 19:45:12,41.3535,-1.6432,291.47,60,0,6.08
515,Eregli,TR,2021-10-20 19:45:13,37.5133,34.0467,282.93,47,7,0.54
516,Xining,CN,2021-10-20 19:45:13,36.6167,101.7667,276.63,93,100,0.33
517,Muravlenko,RU,2021-10-20 19:45:14,63.7898,74.523,272.91,82,100,1.47
518,Saposoa,PE,2021-10-20 19:45:14,-6.934,-76.7716,304.6,76,97,0.82
519,Arlit,NE,2021-10-20 19:45:15,18.7369,7.3853,305.38,12,12,2.14
520,Taraz,KZ,2021-10-20 19:45:15,42.9,71.3667,286.38,47,90,3.0
521,Qena,EG,2021-10-20 19:45:16,26.1615,32.7183,300.21,37,0,5.9
522,Pitogo,PH,2021-10-20 19:45:16,13.7847,122.0881,297.82,94,88,2.31
523,Westport,US,2021-10-20 19:45:16,41.1415,-73.3579,299.29,49,1,0.45
524,Senador Jose Porfirio,BR,2021-10-20 19:45:17,-2.5908,-51.9542,301.07,73,99,1.29
525,Hofn,IS,2021-10-20 19:45:17,64.2539,-15.2082,273.16,55,20,7.2
526,Nemuro,JP,2021-10-20 19:45:17,43.3236,145.575,282.6,78,100,9.01
527,Yeppoon,AU,2021-10-20 19:45:18,-23.1333,150.7333,290.03,88,54,0.27
528,Barga,IT,2021-10-20 19:45:18,44.0742,10.4808,288.13,90,98,1.82
529,Hanzhong,CN,2021-10-20 19:45:19,33.0728,107.0303,281.94,94,100,0.3
530,Itagiba,BR,2021-10-20 19:45:19,-14.2836,-39.8428,302.3,59,66,2.66
531,Emba,KZ,2021-10-20 19:45:19,48.8264,58.1442,276.48,72,100,8.02
532,Seoul,KR,2021-10-20 19:44:12,37.5683,126.9778,278.84,90,0,1.54
533,Stornoway,GB,2021-10-20 19:45:20,58.2093,-6.3865,282.55,70,40,6.17
534,Svetlogorsk,BY,2021-10-20 19:45:20,52.6333,29.7333,284.37,66,100,7.05
535,Marsh Harbour,BS,2021-10-20 19:45:21,26.5412,-77.0636,299.85,58,72,7.7
536,Launceston,AU,2021-10-20 19:42:49,-41.45,147.1667,284.71,91,75,1.34
537,Roebourne,AU,2021-10-20 19:43:37,-20.7833,117.1333,295.06,36,2,4.2
538,Wilmington,US,2021-10-20 19:44:22,34.2257,-77.9447,300.93,42,1,0.0
539,Laguna,US,2021-10-20 19:45:22,38.421,-121.4238,294.31,57,90,0.89
540,Tarakan,ID,2021-10-20 19:45:22,3.3,117.6333,298.87,89,40,1.54
541,Trnava,SK,2021-10-20 19:45:23,48.3774,17.5872,288.99,62,100,5.68
542,Port Hedland,AU,2021-10-20 19:45:23,-20.3167,118.5667,290.18,94,1,3.09
543,Benavente,ES,2021-10-20 19:45:24,42.0025,-5.6783,289.25,66,6,8.24
544,Sakakah,SA,2021-10-20 19:45:24,29.9697,40.2064,295.91,34,3,3.08
545,Galesong,ID,2021-10-20 19:45:24,-5.3166,119.3661,297.16,76,99,3.52
546,Roma,US,2021-10-20 19:45:25,43.2128,-75.4557,295.28,50,1,0.89
547,Tadine,NC,2021-10-20 19:45:25,-21.55,167.8833,296.42,87,100,4.77
548,Ngunguru,NZ,2021-10-20 19:45:25,-35.6167,174.5,288.8,96,100,7.68
549,Havelock,US,2021-10-20 19:45:26,34.8791,-76.9013,300.96,58,0,1.79
550,Alto Longa,BR,2021-10-20 19:45:26,-5.2511,-42.2103,305.68,45,78,1.8
551,Axim,GH,2021-10-20 19:45:27,4.8699,-2.2405,298.89,86,96,3.67
552,Balgazyn,RU,2021-10-20 19:45:27,51.0,95.2,273.32,50,0,1.05
553,Sarangani,PH,2021-10-20 19:45:27,5.4033,125.4636,300.8,74,99,1.6
554,Grootfontein,NA,2021-10-20 19:45:28,-19.5667,18.1167,288.91,100,100,2.57
555,Ambon,ID,2021-10-20 19:45:28,-3.6954,128.1814,300.25,79,60,0.77
556,Constitucion,CL,2021-10-20 19:45:29,-35.3333,-72.4167,287.94,70,21,2.86
557,Green River,US,2021-10-20 19:45:29,41.5286,-109.4662,284.81,58,100,1.34
558,Agadir,MA,2021-10-20 19:43:52,30.4202,-9.5982,296.4,37,72,2.35
559,Shimoda,JP,2021-10-20 19:45:30,34.6667,138.95,285.43,66,100,5.29
560,Opuwo,NA,2021-10-20 19:42:19,-18.0607,13.84,294.85,38,1,3.85
561,Novska,HR,2021-10-20 19:45:31,45.3406,16.9769,283.08,79,98,1.72
562,Magistralnyy,RU,2021-10-20 19:41:05,56.1725,107.4458,273.49,94,100,1.63
563,Mandera,KE,2021-10-20 19:45:31,3.9366,41.867,300.96,61,99,7.97
564,Hualmay,PE,2021-10-20 19:45:32,-11.0964,-77.6139,294.03,72,44,5.06
565,Fonte Boa,BR,2021-10-20 19:45:32,-2.4959,-66.2662,299.94,89,100,1.71
566,Nayoro,JP,2021-10-20 19:45:32,44.3506,142.4578,279.17,97,100,5.3
